<?xml version="1.0" encoding="UTF-8"?>
<definitions xmlns="http://www.omg.org/spec/BPMN/20100524/MODEL" xmlns:xsi="http://www.w3.org/2001/XMLSchema-instance" xmlns:activiti="http://activiti.org/bpmn" xmlns:bpmndi="http://www.omg.org/spec/BPMN/20100524/DI" xmlns:omgdc="http://www.omg.org/spec/DD/20100524/DC" xmlns:omgdi="http://www.omg.org/spec/DD/20100524/DI" typeLanguage="http://www.w3.org/2001/XMLSchema" expressionLanguage="http://www.w3.org/1999/XPath" targetNamespace="http://www.activiti.org/test">
  <process id="Mms.return" name="mms.return">
    <documentation>物料退料流程(生产辅料)</documentation>
    <startEvent id="startevent1" name="Start"></startEvent>
    <userTask id="usertask1" name="申请退料" activiti:candidateUsers="${usertask1_users}"></userTask>
    <sequenceFlow id="flow1" name="" sourceRef="startevent1" targetRef="usertask1"></sequenceFlow>
    <userTask id="usertask2" name="工作中心主任审批" activiti:candidateUsers="${usertask2_users}"></userTask>
    <sequenceFlow id="flow2" name="" sourceRef="usertask1" targetRef="usertask2">
      <conditionExpression xsi:type="tFormalExpression"><![CDATA[${isPass==true}]]></conditionExpression>
    </sequenceFlow>
    <userTask id="usertask3" name="工艺工程师审批" activiti:assignee="${usertask3_users}">
	  <multiInstanceLoopCharacteristics isSequential="false">
        <loopDataInputRef>usertask3List</loopDataInputRef>
        <inputDataItem name="usertask3_users"></inputDataItem>
      </multiInstanceLoopCharacteristics>
	</userTask>
    <sequenceFlow id="flow3" name="" sourceRef="usertask2" targetRef="usertask3">
      <conditionExpression xsi:type="tFormalExpression"><![CDATA[${isPass==true}]]></conditionExpression>
    </sequenceFlow>
    <userTask id="usertask4" name="仓管员入库" activiti:candidateUsers="${usertask4_users}"></userTask>
    <sequenceFlow id="flow4" name="" sourceRef="usertask3" targetRef="usertask4">
      <conditionExpression xsi:type="tFormalExpression"><![CDATA[${isPass==true}]]></conditionExpression>
    </sequenceFlow>
    <sequenceFlow id="flow6" name="驳回" sourceRef="usertask2" targetRef="usertask1">
      <conditionExpression xsi:type="tFormalExpression"><![CDATA[${isPass==false}]]></conditionExpression>
    </sequenceFlow>
    <sequenceFlow id="flow7" name="驳回" sourceRef="usertask3" targetRef="usertask1">
      <conditionExpression xsi:type="tFormalExpression"><![CDATA[${isPass==false}]]></conditionExpression>
    </sequenceFlow>
    <sequenceFlow id="flow8" name="驳回" sourceRef="usertask4" targetRef="usertask1">
      <conditionExpression xsi:type="tFormalExpression"><![CDATA[${isPass==false}]]></conditionExpression>
    </sequenceFlow>
    <serviceTask id="servicetask1" name="SAP冲销" activiti:expression="${service}"></serviceTask>
    <sequenceFlow id="flow9" name="" sourceRef="usertask4" targetRef="servicetask1"></sequenceFlow>
    <endEvent id="endevent1" name="End"></endEvent>
    <sequenceFlow id="flow10" name="" sourceRef="servicetask1" targetRef="endevent1"></sequenceFlow>
  </process>
  <bpmndi:BPMNDiagram id="BPMNDiagram_Mms.return">
    <bpmndi:BPMNPlane bpmnElement="Mms.return" id="BPMNPlane_Mms.return">
      <bpmndi:BPMNShape bpmnElement="startevent1" id="BPMNShape_startevent1">
        <omgdc:Bounds height="35" width="35" x="90" y="200"></omgdc:Bounds>
      </bpmndi:BPMNShape>
      <bpmndi:BPMNShape bpmnElement="usertask1" id="BPMNShape_usertask1">
        <omgdc:Bounds height="55" width="105" x="170" y="190"></omgdc:Bounds>
      </bpmndi:BPMNShape>
      <bpmndi:BPMNShape bpmnElement="usertask2" id="BPMNShape_usertask2">
        <omgdc:Bounds height="55" width="105" x="330" y="190"></omgdc:Bounds>
      </bpmndi:BPMNShape>
      <bpmndi:BPMNShape bpmnElement="usertask3" id="BPMNShape_usertask3">
        <omgdc:Bounds height="55" width="105" x="490" y="190"></omgdc:Bounds>
      </bpmndi:BPMNShape>
      <bpmndi:BPMNShape bpmnElement="usertask4" id="BPMNShape_usertask4">
        <omgdc:Bounds height="55" width="105" x="650" y="190"></omgdc:Bounds>
      </bpmndi:BPMNShape>
      <bpmndi:BPMNShape bpmnElement="servicetask1" id="BPMNShape_servicetask1">
        <omgdc:Bounds height="55" width="105" x="800" y="190"></omgdc:Bounds>
      </bpmndi:BPMNShape>
      <bpmndi:BPMNShape bpmnElement="endevent1" id="BPMNShape_endevent1">
        <omgdc:Bounds height="35" width="35" x="950" y="200"></omgdc:Bounds>
      </bpmndi:BPMNShape>
      <bpmndi:BPMNEdge bpmnElement="flow1" id="BPMNEdge_flow1">
        <omgdi:waypoint x="125" y="217"></omgdi:waypoint>
        <omgdi:waypoint x="170" y="217"></omgdi:waypoint>
      </bpmndi:BPMNEdge>
      <bpmndi:BPMNEdge bpmnElement="flow2" id="BPMNEdge_flow2">
        <omgdi:waypoint x="275" y="217"></omgdi:waypoint>
        <omgdi:waypoint x="330" y="217"></omgdi:waypoint>
      </bpmndi:BPMNEdge>
      <bpmndi:BPMNEdge bpmnElement="flow3" id="BPMNEdge_flow3">
        <omgdi:waypoint x="435" y="217"></omgdi:waypoint>
        <omgdi:waypoint x="490" y="217"></omgdi:waypoint>
      </bpmndi:BPMNEdge>
      <bpmndi:BPMNEdge bpmnElement="flow4" id="BPMNEdge_flow4">
        <omgdi:waypoint x="595" y="217"></omgdi:waypoint>
        <omgdi:waypoint x="650" y="217"></omgdi:waypoint>
      </bpmndi:BPMNEdge>
      <bpmndi:BPMNEdge bpmnElement="flow6" id="BPMNEdge_flow6">
        <omgdi:waypoint x="382" y="245"></omgdi:waypoint>
        <omgdi:waypoint x="382" y="275"></omgdi:waypoint>
        <omgdi:waypoint x="301" y="275"></omgdi:waypoint>
        <omgdi:waypoint x="222" y="275"></omgdi:waypoint>
        <omgdi:waypoint x="222" y="245"></omgdi:waypoint>
      </bpmndi:BPMNEdge>
      <bpmndi:BPMNEdge bpmnElement="flow7" id="BPMNEdge_flow7">
        <omgdi:waypoint x="542" y="245"></omgdi:waypoint>
        <omgdi:waypoint x="543" y="327"></omgdi:waypoint>
        <omgdi:waypoint x="223" y="327"></omgdi:waypoint>
        <omgdi:waypoint x="222" y="245"></omgdi:waypoint>
      </bpmndi:BPMNEdge>
      <bpmndi:BPMNEdge bpmnElement="flow8" id="BPMNEdge_flow8">
        <omgdi:waypoint x="702" y="245"></omgdi:waypoint>
        <omgdi:waypoint x="703" y="391"></omgdi:waypoint>
        <omgdi:waypoint x="455" y="391"></omgdi:waypoint>
        <omgdi:waypoint x="223" y="391"></omgdi:waypoint>
        <omgdi:waypoint x="222" y="245"></omgdi:waypoint>
      </bpmndi:BPMNEdge>
      <bpmndi:BPMNEdge bpmnElement="flow9" id="BPMNEdge_flow9">
        <omgdi:waypoint x="755" y="217"></omgdi:waypoint>
        <omgdi:waypoint x="800" y="217"></omgdi:waypoint>
      </bpmndi:BPMNEdge>
      <bpmndi:BPMNEdge bpmnElement="flow10" id="BPMNEdge_flow10">
        <omgdi:waypoint x="905" y="217"></omgdi:waypoint>
        <omgdi:waypoint x="950" y="217"></omgdi:waypoint>
      </bpmndi:BPMNEdge>
    </bpmndi:BPMNPlane>
  </bpmndi:BPMNDiagram>
</definitions>