<?xml version="1.0" encoding="GBK" ?>

<portlet-app xmlns="http://java.sun.com/xml/ns/portlet/portlet-app_2_0.xsd" version="2.0" xmlns:xsi="http://www.w3.org/2001/XMLSchema-instance" xsi:schemaLocation="http://java.sun.com/xml/ns/portlet/portlet-app_2_0.xsd http://java.sun.com/xml/ns/portlet/portlet-app_2_0.xsd">
	<portlet>
		<portlet-name>901</portlet-name>
		<display-name>creator iframe</display-name>
		<portlet-class>com.liferay.chinacreator.plugin.portlet.IframeAppPortlet</portlet-class>
		<init-param>
			<name>view-jsp</name>
			<value>/view.jsp</value>
		</init-param>
		<expiration-cache>0</expiration-cache>
		<supports>
			<mime-type>text/html</mime-type>
		</supports>
		<portlet-info>
			<title>901</title>
			<short-title>MQ\u670d\u52a1\u914d\u7f6e</short-title>
			<keywords>MQ\u670d\u52a1\u914d\u7f6e</keywords>
		</portlet-info>
		<portlet-preferences>
			<preference>
				<name>form-method</name>
				<value>post</value>
				<read-only>true</read-only>
			</preference>
			<preference>
				<name>src</name>
				<value><![CDATA[perspective_content.frame?menu_path=trans_server%3A%3Amenu%3A%2F%2Fsysmenu%24root%2Ftransmanager%24module%2Fmqbroker-configure%24item&menu_type=1&ancestor=2]]></value>
				<read-only>true</read-only>
			</preference>
			<preference>
				<name>httpcontext</name>
				<value><![CDATA[http://192.168.11.5:8080/smc]]></value>
				<read-only>true</read-only>
			</preference>
			<preference>
				<name>APP_ID</name>
				<value><![CDATA[trans_server]]></value>
				<read-only>true</read-only>
			</preference>
		</portlet-preferences>
		<security-role-ref>
			<role-name>administrator</role-name>
		</security-role-ref>
		<security-role-ref>
			<role-name>guest</role-name>
		</security-role-ref>
		<security-role-ref>
			<role-name>power-user</role-name>
		</security-role-ref>
		<security-role-ref>
			<role-name>user</role-name>
		</security-role-ref>
	</portlet>
	<portlet>
		<portlet-name>1name</portlet-name>
		<display-name>creator iframe</display-name>
		<portlet-class>com.liferay.chinacreator.plugin.portlet.IframeAppPortlet</portlet-class>
		<init-param>
			<name>view-jsp</name>
			<value>/view.jsp</value>
		</init-param>
		<expiration-cache>0</expiration-cache>
		<supports>
			<mime-type>text/html</mime-type>
		</supports>
		<portlet-info>
			<title>1name</title>
			<short-title>MQ\u670d\u52a1\u914d\u7f6e</short-title>
			<keywords>MQ\u670d\u52a1\u914d\u7f6e</keywords>
		</portlet-info>
		<portlet-preferences>
			<preference>
				<name>form-method</name>
				<value>post</value>
				<read-only>true</read-only>
			</preference>
			<preference>
				<name>src</name>
				<value><![CDATA[http://www.sina.com]]></value>
				<read-only>true</read-only>
			</preference>
			<preference>
				<name>httpcontext</name>
				<value><![CDATA[http://192.168.11.5:8080/smc]]></value>
				<read-only>true</read-only>
			</preference>
			<preference>
				<name>APP_ID</name>
				<value><![CDATA[trans_server]]></value>
				<read-only>true</read-only>
			</preference>
			<!-- 
			<preference>
				<name>user-name</name>
				<value></value>
				<read-only>true</read-only>
			</preference>
			<preference>
				<name>password</name>
				<value></value>
				<read-only>true</read-only>
			</preference>
			<preference>
				<name>hidden-variables</name>
				<value></value>
				
			</preference>
			<preference>
				<name>OUTER_FAILED_URL</name>
				<value></value>
				<read-only>true</read-only>
			</preference>
			<preference>
				<name>OUTER_FAILED_MESSAGE</name>
				<value></value>
				<read-only>true</read-only>
			</preference>
			<preference>
				<name>SSO_PAGE</name>
				<value></value>
				<read-only>true</read-only>
			</preference>
			-->			
			
			
		</portlet-preferences>
		<security-role-ref>
			<role-name>administrator</role-name>
		</security-role-ref>
		<security-role-ref>
			<role-name>guest</role-name>
		</security-role-ref>
		<security-role-ref>
			<role-name>power-user</role-name>
		</security-role-ref>
		<security-role-ref>
			<role-name>user</role-name>
		</security-role-ref>
	</portlet>
</portlet-app>